,LedgerId,UnitId,BuildingId,AvailableDate,BestTerm,Terms,SqFt,Bed,Bath,FloorplanId,FloorplanName,Floor,Description,Amenities,Special,Floorplan,Photos,Videos,Matterports,Zillows,ExcludeFromOll,FurnishAvailable
0,19288,1013,401,5/21/2021,"{'Length': 12, 'Price': 1610}","[{'Length': 12, 'Price': 1610}, {'Length': 11, 'Price': 1640}, {'Length': 10, 'Price': 1640}, {'Length': 9, 'Price': 1695}, {'Length': 8, 'Price': 1705}, {'Length': 7, 'Price': 1610}, {'Length': 6, 'Price': 1655}, {'Length': 5, 'Price': 1785}, {'Length': 4, 'Price': 1810}, {'Length': 3, 'Price': 1785}]",458,0,1,00002653,Unit 413,Floor 10,"This Studio home features a fluid living space with two closets, a galley style kitchen, and floor to ceiling windows overlooking our private courtyard.","[{'Name': 'Northern Exposure', 'Icon': ''}, {'Name': 'Western Exposure', 'Icon': ''}]","{'Active': False, 'Title': None, 'Expires': None}","https://media.equityapartments.com/image/upload/f_auto,q_auto/3938-FP-00002653-0-1-475",[],[],[],[],False,False
1,19288,1102,401,5/6/2021,"{'Length': 12, 'Price': 1920}","[{'Length': 12, 'Price': 1920}, {'Length': 11, 'Price': 1955}, {'Length': 10, 'Price': 1955}, {'Length': 9, 'Price': 2400}, {'Length': 8, 'Price': 2420}, {'Length': 7, 'Price': 2265}, {'Length': 6, 'Price': 2305}, {'Length': 5, 'Price': 2275}, {'Length': 4, 'Price': 2330}, {'Length': 3, 'Price': 2260}]",679,1,1,00002643,Unit 402,Floor 11,"This Junior apartment/ 1 Bath home offers a living space featuring a bed nook with oversized sliding door. The home has a galley style kitchen, generous closet space and depending on the floor, a Juliette balcony off of the living room.","[{'Name': 'Southern Exposure', 'Icon': ''}]","{'Active': False, 'Title': None, 'Expires': None}","https://media.equityapartments.com/image/upload/f_auto,q_auto/3938-FP-00002643-1-1-679",[],[],[],[],False,False
15,19288,1104,401,4/19/2021,"{'Length': 12, 'Price': 2600}","[{'Length': 12, 'Price': 2600}, {'Length': 11, 'Price': 2650}, {'Length': 10, 'Price': 2650}, {'Length': 9, 'Price': 3140}, {'Length': 8, 'Price': 3090}, {'Length': 7, 'Price': 2990}, {'Length': 6, 'Price': 3135}, {'Length': 5, 'Price': 3305}, {'Length': 4, 'Price': 3305}, {'Length': 3, 'Price': 3305}]",1050,1,2,00002645,Unit 404,Floor 11,"This 1 Bed with Den/ 2 Bath home offers an open style kitchen and breakfast bar, a private den with closet, and a balcony. Depending on the floor, there may be an additional Juliette balcony off the living room.","[{'Name': 'Balcony', 'Icon': ''}, {'Name': 'Extra Den or Office Space', 'Icon': ''}, {'Name': 'Southern Exposure', 'Icon': ''}]","{'Active': False, 'Title': None, 'Expires': None}","https://media.equityapartments.com/image/upload/f_auto,q_auto/3938-FP-00002645-1-2-966","[{'ImageUrl': 'https://media.equityapartments.com/images/c_crop,x_0,y_0,w_1920,h_1080/c_fill,w_1920,h_1080/q_auto,f_auto/3938-Unit404FP-1/425-mass-apartments-404-fp', 'Alt': '425 Mass Apartments - 404 FP', 'Id': 174015, 'MediaTags': ['In Unit'], 'Caption': 'Bathroom', 'DisplayOrder': 0, 'MediaId': 0}, {'ImageUrl': 'https://media.equityapartments.com/images/c_crop,x_0,y_0,w_1920,h_1080/c_fill,w_1920,h_1080/q_auto,f_auto/3938-Unit404FP-10/425-mass-apartments-404-fp', 'Alt': '425 Mass Apartments - 404 FP', 'Id': 174025, 'MediaTags': ['In Unit'], 'Caption': 'Kitchen with Stainless Steel Appliances and Granite Countertops', 'DisplayOrder': 0, 'MediaId': 0}, {'ImageUrl': 'https://media.equityapartments.com/images/c_crop,x_0,y_0,w_1920,h_1080/c_fill,w_1920,h_1080/q_auto,f_auto/3938-Unit404FP-2/425-mass-apartments-404-fp', 'Alt': '425 Mass Apartments - 404 FP', 'Id': 174035, 'MediaTags': ['In Unit'], 'Caption': 'Kitchen with Stainless Steel Appliances and Granite Countertops', 'DisplayOrder': 0, 'MediaId': 0}, {'ImageUrl': 'https://media.equityapartments.com/images/c_crop,x_0,y_0,w_1920,h_1080/c_fill,w_1920,h_1080/q_auto,f_auto/3938-Unit404FP-3/425-mass-apartments-404-fp', 'Alt': '425 Mass Apartments - 404 FP', 'Id': 174045, 'MediaTags': ['In Unit'], 'Caption': 'Kitchen with Stainless Steel Appliances and Granite Countertops', 'DisplayOrder': 0, 'MediaId': 0}, {'ImageUrl': 'https://media.equityapartments.com/images/c_crop,x_0,y_0,w_1920,h_1080/c_fill,w_1920,h_1080/q_auto,f_auto/3938-Unit404FP-4/425-mass-apartments-404-fp', 'Alt': '425 Mass Apartments - 404 FP', 'Id': 174055, 'MediaTags': ['In Unit'], 'Caption': 'Kitchen with Granite Countertops ', 'DisplayOrder': 0, 'MediaId': 0}, {'ImageUrl': 'https://media.equityapartments.com/images/c_crop,x_0,y_0,w_1920,h_1080/c_fill,w_1920,h_1080/q_auto,f_auto/3938-Unit404FP-5/425-mass-apartments-404-fp', 'Alt': '425 Mass Apartments - 404 FP', 'Id': 174065, 'MediaTags': ['In Unit'], 'Caption': 'Living Room', 'DisplayOrder': 0, 'MediaId': 0}, {'ImageUrl': 'https://media.equityapartments.com/images/c_crop,x_0,y_0,w_1920,h_1080/c_fill,w_1920,h_1080/q_auto,f_auto/3938-Unit404FP-6/425-mass-apartments-404-fp', 'Alt': '425 Mass Apartments - 404 FP', 'Id': 174075, 'MediaTags': ['In Unit'], 'Caption': 'Bathroom', 'DisplayOrder': 0, 'MediaId': 0}, {'ImageUrl': 'https://media.equityapartments.com/images/c_crop,x_0,y_0,w_1920,h_1080/c_fill,w_1920,h_1080/q_auto,f_auto/3938-Unit404FP-7/425-mass-apartments-404-fp', 'Alt': '425 Mass Apartments - 404 FP', 'Id': 174085, 'MediaTags': ['In Unit'], 'Caption': 'Carpeted Living Room with Balcony', 'DisplayOrder': 0, 'MediaId': 0}, {'ImageUrl': 'https://media.equityapartments.com/images/c_crop,x_0,y_0,w_1920,h_1080/c_fill,w_1920,h_1080/q_auto,f_auto/3938-Unit404FP-8/425-mass-apartments-404-fp', 'Alt': '425 Mass Apartments - 404 FP', 'Id': 174095, 'MediaTags': ['In Unit'], 'Caption': 'Carpeted Bedroom', 'DisplayOrder': 0, 'MediaId': 0}, {'ImageUrl': 'https://media.equityapartments.com/images/c_crop,x_0,y_0,w_1920,h_1080/c_fill,w_1920,h_1080/q_auto,f_auto/3938-401FP-6/425-mass-apartments-401fp', 'Alt': '425 Mass Apartments - 401FP', 'Id': 189482, 'MediaTags': ['In Unit'], 'Caption': 'Views from the Balcony', 'DisplayOrder': 0, 'MediaId': 0}]",[],[],[],False,False
7,19288,1207,401,5/14/2021,"{'Length': 12, 'Price': 2106}","[{'Length': 12, 'Price': 2106}, {'Length': 11, 'Price': 2141}, {'Length': 10, 'Price': 2141}, {'Length': 9, 'Price': 2596}, {'Length': 8, 'Price': 2611}, {'Length': 7, 'Price': 2456}, {'Length': 6, 'Price': 2451}, {'Length': 5, 'Price': 2471}, {'Length': 4, 'Price': 2531}, {'Length': 3, 'Price': 2451}]",694,1,1,00002648,Unit 407,Floor 12,"This apartment home offers a living room with a built-in bookcase, floor to ceiling windows, as well as an attached balcony. The bedroom is spacious (queen bed) and features a step-in closet.","[{'Name': 'Balcony', 'Icon': ''}, {'Name': 'Eastern Exposure', 'Icon': ''}]","{'Active': False, 'Title': None, 'Expires': None}","https://media.equityapartments.com/image/upload/f_auto,q_auto/3938-FP-00002648-1-1-694",[],[],[],[],False,False
23,19288,401,401,4/19/2021,"{'Length': 12, 'Price': 2715}","[{'Length': 12, 'Price': 2715}, {'Length': 11, 'Price': 2765}, {'Length': 10, 'Price': 2765}, {'Length': 9, 'Price': 3255}, {'Length': 8, 'Price': 3205}, {'Length': 7, 'Price': 3105}, {'Length': 6, 'Price': 3250}, {'Length': 5, 'Price': 3420}, {'Length': 4, 'Price': 3420}, {'Length': 3, 'Price': 3420}]",1050,1,2,00002642,Unit 401,Floor 4,"This 1 Bed with Den/ 2 Bath corner home offers an open style kitchen and breakfast bar, floor to ceiling windows and a balcony off of the living room. The bedroom features a large closet and en-suite bathroom with stand-in shower.                                                                                                                                                                                                                                                                                                                                                                                                                                                                                                                                                                                                                                                                                                                                                                                                  ","[{'Name': 'Balcony', 'Icon': ''}, {'Name': 'Juliet Balcony', 'Icon': ''}, {'Name': 'Southern Exposure', 'Icon': ''}]","{'Active': False, 'Title': None, 'Expires': None}","https://media.equityapartments.com/image/upload/f_auto,q_auto/3938-FP-00002642-1-2-985","[{'ImageUrl': 'https://media.equityapartments.com/images/c_crop,x_0,y_0,w_1920,h_1080/c_fill,w_1920,h_1080/q_auto,f_auto/3938-Unit404FP-9/425-mass-apartments-404fp', 'Alt': '425 Mass Apartments - 401FP', 'Id': 199989, 'MediaTags': ['In Unit'], 'Caption': 'Views from the Balcony', 'DisplayOrder': 0, 'MediaId': 0}]",[],[],[],False,False
0,19288,703,401,5/21/2021,"{'Length': 12, 'Price': 3253}","[{'Length': 12, 'Price': 3253}, {'Length': 11, 'Price': 3318}, {'Length': 10, 'Price': 3318}, {'Length': 9, 'Price': 3573}, {'Length': 8, 'Price': 3588}, {'Length': 7, 'Price': 3383}, {'Length': 6, 'Price': 3633}, {'Length': 5, 'Price': 3748}, {'Length': 4, 'Price': 3748}, {'Length': 3, 'Price': 3748}]",1284,2,2,00002644,Unit 403,Floor 7,"This 2 Bed with Den/ 2.5 Bath home offers an open style kitchen and breakfast bar that is perfect for entertaining, a powder room, and plenty of closet space.","[{'Name': 'Balcony', 'Icon': ''}, {'Name': 'Southern Exposure', 'Icon': ''}]","{'Active': False, 'Title': None, 'Expires': None}","https://media.equityapartments.com/image/upload/f_auto,q_auto/3938-FP-00002644-2-2-1284","[{'ImageUrl': 'https://media.equityapartments.com/images/c_crop,x_0,y_0,w_1920,h_1080/c_fill,w_1920,h_1080/q_auto,f_auto/3938-401FP-6/425-mass-apartments-401fp', 'Alt': '425 Mass Apartments - 401FP', 'Id': 189478, 'MediaTags': ['In Unit'], 'Caption': 'Views from the Balcony', 'DisplayOrder': 0, 'MediaId': 0}]",[],[],[],False,False
3,19288,708,401,7/2/2021,"{'Length': 12, 'Price': 1968}","[{'Length': 12, 'Price': 1968}, {'Length': 11, 'Price': 2003}, {'Length': 10, 'Price': 2003}, {'Length': 9, 'Price': 2148}, {'Length': 8, 'Price': 2238}, {'Length': 7, 'Price': 2293}, {'Length': 6, 'Price': 2398}, {'Length': 5, 'Price': 2708}, {'Length': 4, 'Price': 2683}, {'Length': 3, 'Price': 2718}]",702,1,1,00002647,Unit 406/408,Floor 7,"This apartment home offers a living room with floor to ceiling windows, a built-in bookcase and a kitchen that opens out to the living room! The bedroom is spacious (queen bed) and features a step-in closet and an attached balcony.","[{'Name': 'Balcony', 'Icon': ''}, {'Name': 'Eastern Exposure', 'Icon': ''}]","{'Active': False, 'Title': None, 'Expires': None}","https://media.equityapartments.com/image/upload/f_auto,q_auto/3938-FP-00002647-1-1-702",[],[],[],[],False,False
5,19288,806,401,4/20/2021,"{'Length': 12, 'Price': 2079}","[{'Length': 12, 'Price': 2079}, {'Length': 11, 'Price': 2114}, {'Length': 10, 'Price': 2114}, {'Length': 9, 'Price': 2394}, {'Length': 8, 'Price': 2414}, {'Length': 7, 'Price': 2289}, {'Length': 6, 'Price': 2384}, {'Length': 5, 'Price': 2409}, {'Length': 4, 'Price': 2459}, {'Length': 3, 'Price': 2409}]",702,1,1,00002647,Unit 406/408,Floor 8,"This apartment home offers a living room with floor to ceiling windows, a built-in bookcase and a kitchen that opens out to the living room! The bedroom is spacious (queen bed) and features a step-in closet and an attached balcony.","[{'Name': 'Balcony', 'Icon': ''}, {'Name': 'Eastern Exposure', 'Icon': ''}]","{'Active': False, 'Title': None, 'Expires': None}","https://media.equityapartments.com/image/upload/f_auto,q_auto/3938-FP-00002647-1-1-702",[],[],[],[],False,False
2,19288,809,401,5/27/2021,"{'Length': 12, 'Price': 1957}","[{'Length': 12, 'Price': 1957}, {'Length': 11, 'Price': 1992}, {'Length': 10, 'Price': 1992}, {'Length': 9, 'Price': 2327}, {'Length': 8, 'Price': 2347}, {'Length': 7, 'Price': 2212}, {'Length': 6, 'Price': 2237}, {'Length': 5, 'Price': 2312}, {'Length': 4, 'Price': 2382}, {'Length': 3, 'Price': 2327}]",726,1,1,00002649,Unit 409,Floor 8,This apartment corner home offers a living room with floor to ceiling windows as well as an attached balcony. Depending on the floor there may be balconies in the bedroom.,"[{'Name': 'Balcony', 'Icon': ''}, {'Name': 'Corner Unit', 'Icon': ''}, {'Name': 'Eastern Exposure', 'Icon': ''}]","{'Active': False, 'Title': None, 'Expires': None}","https://media.equityapartments.com/image/upload/f_auto,q_auto/3938-FP-00002649-1-1-726",[],[],[],[],False,False
0,19288,902,401,6/18/2021,"{'Length': 12, 'Price': 1905}","[{'Length': 12, 'Price': 1905}, {'Length': 11, 'Price': 1940}, {'Length': 10, 'Price': 1940}, {'Length': 9, 'Price': 2150}, {'Length': 8, 'Price': 2300}, {'Length': 7, 'Price': 2195}, {'Length': 6, 'Price': 2265}, {'Length': 5, 'Price': 2430}, {'Length': 4, 'Price': 2545}, {'Length': 3, 'Price': 2465}]",679,1,1,00002643,Unit 402,Floor 9,"This Junior apartment/ 1 Bath home offers a living space featuring a bed nook with oversized sliding door. The home has a galley style kitchen, generous closet space and depending on the floor, a Juliette balcony off of the living room.","[{'Name': 'Southern Exposure', 'Icon': ''}]","{'Active': False, 'Title': None, 'Expires': None}","https://media.equityapartments.com/image/upload/f_auto,q_auto/3938-FP-00002643-1-1-679",[],[],[],[],False,False
3,19288,903,401,7/3/2021,"{'Length': 12, 'Price': 3350}","[{'Length': 12, 'Price': 3350}, {'Length': 11, 'Price': 3415}, {'Length': 10, 'Price': 3415}, {'Length': 9, 'Price': 3595}, {'Length': 8, 'Price': 3610}, {'Length': 7, 'Price': 3440}, {'Length': 6, 'Price': 3605}, {'Length': 5, 'Price': 4250}, {'Length': 4, 'Price': 4305}, {'Length': 3, 'Price': 4085}]",1284,2,2,00002644,Unit 403,Floor 9,"This 2 Bed with Den/ 2.5 Bath home offers an open style kitchen and breakfast bar that is perfect for entertaining, a powder room, and plenty of closet space.","[{'Name': 'Balcony', 'Icon': ''}, {'Name': 'Southern Exposure', 'Icon': ''}]","{'Active': False, 'Title': None, 'Expires': None}","https://media.equityapartments.com/image/upload/f_auto,q_auto/3938-FP-00002644-2-2-1284","[{'ImageUrl': 'https://media.equityapartments.com/images/c_crop,x_0,y_0,w_1920,h_1080/c_fill,w_1920,h_1080/q_auto,f_auto/3938-401FP-6/425-mass-apartments-401fp', 'Alt': '425 Mass Apartments - 401FP', 'Id': 189480, 'MediaTags': ['In Unit'], 'Caption': 'Views from the Balcony', 'DisplayOrder': 0, 'MediaId': 0}]",[],[],[],False,False
8,19288,1014,425,4/19/2021,"{'Length': 12, 'Price': 2120}","[{'Length': 12, 'Price': 2120}, {'Length': 11, 'Price': 2155}, {'Length': 10, 'Price': 2155}, {'Length': 9, 'Price': 2435}, {'Length': 8, 'Price': 2455}, {'Length': 7, 'Price': 2330}, {'Length': 6, 'Price': 2425}, {'Length': 5, 'Price': 2450}, {'Length': 4, 'Price': 2500}, {'Length': 3, 'Price': 2450}]",773,1,1,378478,One Bedroom E/773,Floor 10,"This apartment home offers a spacious living room with floor to ceiling windows, an attached balcony, a built-in bookcase and a kitchen that opens out to the living room that is perfect for entertaining!","[{'Name': 'Balcony', 'Icon': ''}, {'Name': 'Eastern Exposure', 'Icon': ''}, {'Name': 'Southern Exposure', 'Icon': ''}]","{'Active': False, 'Title': None, 'Expires': None}","https://media.equityapartments.com/image/upload/f_auto,q_auto/3938-FP-378478-1-1-773","[{'ImageUrl': 'https://media.equityapartments.com/images/c_crop,x_0,y_0,w_1920,h_1080/c_fill,w_1920,h_1080/q_auto,f_auto/3938-58/425-mass-apartments-kitchen', 'Alt': '425 Mass Apartments - Kitchen', 'Id': 267682, 'MediaTags': ['In Unit'], 'Caption': 'Kitchen with Stainless Steel Appliances', 'DisplayOrder': 0, 'MediaId': 0}, {'ImageUrl': 'https://media.equityapartments.com/images/c_crop,x_0,y_0,w_1920,h_1080/c_fill,w_1920,h_1080/q_auto,f_auto/3938-60/425-mass-apartments-bathroom-and-in-home-washer-and-dryer', 'Alt': '425 Mass Apartments - Bathroom and In-home Washer and Dryer', 'Id': 267846, 'MediaTags': ['In Unit'], 'Caption': 'Bathroom and In-home Washer and Dryer', 'DisplayOrder': 0, 'MediaId': 0}, {'ImageUrl': 'https://media.equityapartments.com/images/c_crop,x_0,y_0,w_1920,h_1080/c_fill,w_1920,h_1080/q_auto,f_auto/3938-73/425-mass-apartments-living-area', 'Alt': '425 Mass Apartments - Living Area', 'Id': 304640, 'MediaTags': ['In Unit'], 'Caption': 'Living Room with Hardwood Flooring', 'DisplayOrder': 0, 'MediaId': 0}, {'ImageUrl': 'https://media.equityapartments.com/images/c_crop,x_0,y_0,w_1920,h_1080/c_fill,w_1920,h_1080/q_auto,f_auto/3938-72/425-mass-apartments-bedroom', 'Alt': '425 Mass Apartments - Bedroom ', 'Id': 304694, 'MediaTags': ['In Unit'], 'Caption': 'Carpeted Bedroom', 'DisplayOrder': 0, 'MediaId': 0}]",[],[],[],False,False
9,19288,1016,425,4/19/2021,"{'Length': 12, 'Price': 2120}","[{'Length': 12, 'Price': 2120}, {'Length': 11, 'Price': 2155}, {'Length': 10, 'Price': 2155}, {'Length': 9, 'Price': 2435}, {'Length': 8, 'Price': 2455}, {'Length': 7, 'Price': 2330}, {'Length': 6, 'Price': 2425}, {'Length': 5, 'Price': 2450}, {'Length': 4, 'Price': 2500}, {'Length': 3, 'Price': 2450}]",773,1,1,378478,One Bedroom E/773,Floor 10,"This apartment home offers a spacious living room with floor to ceiling windows, an attached balcony, a built-in bookcase and a kitchen that opens out to the living room that is perfect for entertaining!","[{'Name': 'Balcony', 'Icon': ''}, {'Name': 'Eastern Exposure', 'Icon': ''}, {'Name': 'Southern Exposure', 'Icon': ''}]","{'Active': False, 'Title': None, 'Expires': None}","https://media.equityapartments.com/image/upload/f_auto,q_auto/3938-FP-378478-1-1-773","[{'ImageUrl': 'https://media.equityapartments.com/images/c_crop,x_0,y_0,w_1920,h_1080/c_fill,w_1920,h_1080/q_auto,f_auto/3938-58/425-mass-apartments-kitchen', 'Alt': '425 Mass Apartments - Kitchen', 'Id': 267684, 'MediaTags': ['In Unit'], 'Caption': 'Kitchen with Stainless Steel Appliances', 'DisplayOrder': 0, 'MediaId': 0}, {'ImageUrl': 'https://media.equityapartments.com/images/c_crop,x_0,y_0,w_1920,h_1080/c_fill,w_1920,h_1080/q_auto,f_auto/3938-60/425-mass-apartments-bathroom-and-in-home-washer-and-dryer', 'Alt': '425 Mass Apartments - Bathroom and In-home Washer and Dryer', 'Id': 267848, 'MediaTags': ['In Unit'], 'Caption': 'Bathroom and In-home Washer and Dryer', 'DisplayOrder': 0, 'MediaId': 0}, {'ImageUrl': 'https://media.equityapartments.com/images/c_crop,x_0,y_0,w_1920,h_1080/c_fill,w_1920,h_1080/q_auto,f_auto/3938-73/425-mass-apartments-living-area', 'Alt': '425 Mass Apartments - Living Area', 'Id': 304642, 'MediaTags': ['In Unit'], 'Caption': 'Living Room with Hardwood Flooring', 'DisplayOrder': 0, 'MediaId': 0}, {'ImageUrl': 'https://media.equityapartments.com/images/c_crop,x_0,y_0,w_1920,h_1080/c_fill,w_1920,h_1080/q_auto,f_auto/3938-72/425-mass-apartments-bedroom', 'Alt': '425 Mass Apartments - Bedroom ', 'Id': 304696, 'MediaTags': ['In Unit'], 'Caption': 'Carpeted Bedroom', 'DisplayOrder': 0, 'MediaId': 0}]",[],[],[],False,False
2,19288,1018,425,4/19/2021,"{'Length': 12, 'Price': 1805}","[{'Length': 12, 'Price': 1805}, {'Length': 11, 'Price': 1835}, {'Length': 10, 'Price': 1835}, {'Length': 9, 'Price': 2015}, {'Length': 8, 'Price': 2025}, {'Length': 7, 'Price': 1915}, {'Length': 6, 'Price': 1940}, {'Length': 5, 'Price': 2065}, {'Length': 4, 'Price': 2100}, {'Length': 3, 'Price': 2015}]",558,0,1,378474,Studio G/558,Floor 10,This studio home offers a fluid living space with a balcony and floor to ceiling windows. The home also has a step-in closet and additional storage in the bathroom.,"[{'Name': 'Balcony', 'Icon': ''}, {'Name': 'Southern Exposure', 'Icon': ''}]","{'Active': False, 'Title': None, 'Expires': None}","https://media.equityapartments.com/image/upload/f_auto,q_auto/3938-FP-378474-0-1-558","[{'ImageUrl': 'https://media.equityapartments.com/images/c_crop,x_0,y_0,w_1920,h_1080/c_fill,w_1920,h_1080/q_auto,f_auto/3938-62/425-mass-apartments-kitchen', 'Alt': '425 Mass Apartments - Kitchen', 'Id': 267736, 'MediaTags': ['In Unit'], 'Caption': 'Kitchen with Stainless Steel Appliances', 'DisplayOrder': 0, 'MediaId': 0}, {'ImageUrl': 'https://media.equityapartments.com/images/c_crop,x_0,y_0,w_1920,h_1080/c_fill,w_1920,h_1080/q_auto,f_auto/3938-63/425-mass-apartments-balcony', 'Alt': '425 Mass Apartments - Balcony', 'Id': 267818, 'MediaTags': ['In Unit'], 'Caption': 'Balcony', 'DisplayOrder': 0, 'MediaId': 0}, {'ImageUrl': 'https://media.equityapartments.com/images/c_crop,x_0,y_0,w_1920,h_1080/c_fill,w_1920,h_1080/q_auto,f_auto/3938-64/425-mass-apartments-studio-living-area', 'Alt': '425 Mass Apartments - Studio Living Area', 'Id': 267900, 'MediaTags': ['In Unit'], 'Caption': 'Studio Living Space', 'DisplayOrder': 0, 'MediaId': 0}, {'ImageUrl': 'https://media.equityapartments.com/images/c_crop,x_0,y_0,w_1920,h_1080/c_fill,w_1920,h_1080/q_auto,f_auto/3938-65/425-mass-apartments-studio-storage', 'Alt': '425 Mass Apartments - Studio Storage', 'Id': 267982, 'MediaTags': ['In Unit'], 'Caption': 'Studio Storage Space', 'DisplayOrder': 0, 'MediaId': 0}]","[{'Key': 'rBkAtCi_StI', 'Id': 0, 'MediaTags': None, 'Caption': '425 Mass Apartments - Mt Vernon Triangle - Floorplan Studio G558   Unit 1017', 'DisplayOrder': 0, 'MediaId': 0}]",[],[],False,False
12,19288,104A,425,6/9/2021,"{'Length': 12, 'Price': 2517}","[{'Length': 12, 'Price': 2517}, {'Length': 11, 'Price': 2552}, {'Length': 10, 'Price': 2552}, {'Length': 9, 'Price': 2907}, {'Length': 8, 'Price': 2927}, {'Length': 7, 'Price': 2787}, {'Length': 6, 'Price': 2817}, {'Length': 5, 'Price': 2902}, {'Length': 4, 'Price': 2972}, {'Length': 3, 'Price': 2912}]",1027,1,1,00002288,One Bedroom B 903,Floor 1,"This apartment loft style home offers a unique living experience with 18 ft ceilings, floor to ceiling windows, a galley style kitchen plus island, a built in desk, a powder room, and street access through the walk-out patio.                                                                                                                                                                                                                                                                                                                                                                                                                                                                                                                                                                                                                                                                                                                                                                                                       ","[{'Name': 'Private Subterranean Patio', 'Icon': ''}, {'Name': 'Southern Exposure', 'Icon': ''}, {'Name': 'Two Level Loft-style', 'Icon': ''}]","{'Active': False, 'Title': None, 'Expires': None}","https://media.equityapartments.com/image/upload/f_auto,q_auto/3938-FP-00002288-1-1-903",[],[],[],[],False,False
11,19288,1104,425,6/10/2021,"{'Length': 12, 'Price': 3803}","[{'Length': 12, 'Price': 3803}, {'Length': 11, 'Price': 3868}, {'Length': 10, 'Price': 3868}, {'Length': 9, 'Price': 3958}, {'Length': 8, 'Price': 3913}, {'Length': 7, 'Price': 3963}, {'Length': 6, 'Price': 4123}, {'Length': 5, 'Price': 4618}, {'Length': 4, 'Price': 4628}, {'Length': 3, 'Price': 4603}]",1585,2,2,378488,Two Bedroom+Den Loft/  Two Bath K/1585,Floor 11,"This 2 Bed with Den / 2.5 Bath loft style home offers a unique living experience with 18 ft ceilings, floor to ceiling windows, an open kitchen with breakfast bar, a built in desk under the stairs and powder room.                                                                                                                                                                                                                                                                                                                                                                                                                                                                                                                                                                                                                                                                                                                                                                                                                   ","[{'Name': 'Balcony', 'Icon': ''}, {'Name': 'Southern Exposure', 'Icon': ''}, {'Name': 'Two Level Loft-style', 'Icon': ''}]","{'Active': False, 'Title': None, 'Expires': None}","https://media.equityapartments.com/image/upload/f_auto,q_auto/3938-FP-378488-2-25-1585","[{'ImageUrl': 'https://media.equityapartments.com/images/c_crop,x_0,y_0,w_1920,h_1080/c_fill,w_1920,h_1080/q_auto,f_auto/3938-Unit404FP-9/425-mass-apartments-404fp', 'Alt': '425 Mass Apartments - 401FP', 'Id': 200016, 'MediaTags': ['In Unit'], 'Caption': 'Views from the Balcony', 'DisplayOrder': 0, 'MediaId': 0}]","[{'Key': '28SfNNNK4a4', 'Id': 0, 'MediaTags': None, 'Caption': 'Video of 1585 sqft 2 bedroom apartment', 'DisplayOrder': 0, 'MediaId': 0}]","[{'Key': 'CsNhHyuawzQ', 'Id': 0, 'MediaTags': None, 'Caption': '3D Floorplan', 'DisplayOrder': 0, 'MediaId': 0}]",[],False,False
22,19288,1124,425,6/3/2021,"{'Length': 12, 'Price': 2700}","[{'Length': 12, 'Price': 2700}, {'Length': 11, 'Price': 2750}, {'Length': 10, 'Price': 2750}, {'Length': 9, 'Price': 2925}, {'Length': 8, 'Price': 3065}, {'Length': 7, 'Price': 3065}, {'Length': 6, 'Price': 3120}, {'Length': 5, 'Price': 3320}, {'Length': 4, 'Price': 3330}, {'Length': 3, 'Price': 3295}]",1000,1,2,378480,One Bedroom+Den J/979,Floor 11,"This 1 Bed with Den/ 2 Bath home offers a spacious living room with floor to ceiling windows, a built-in bookcase and a kitchen that opens out to the living room that is perfect for entertaining!","[{'Name': 'Northern Exposure', 'Icon': ''}]","{'Active': False, 'Title': None, 'Expires': None}","https://media.equityapartments.com/image/upload/f_auto,q_auto/3938-FP-378480-1-2-979","[{'ImageUrl': 'https://media.equityapartments.com/images/c_crop,x_0,y_0,w_1920,h_1080/c_fill,w_1920,h_1080/q_auto,f_auto/3938-91/425-mass-apartments-bathroom', 'Alt': '425 Mass Apartments - Bathroom', 'Id': 421794, 'MediaTags': ['In Unit'], 'Caption': 'Bathroom', 'DisplayOrder': 0, 'MediaId': 0}, {'ImageUrl': 'https://media.equityapartments.com/images/c_crop,x_0,y_0,w_1920,h_1080/c_fill,w_1920,h_1080/q_auto,f_auto/3938-95/425-mass-apartments-bedroom', 'Alt': '425 Mass Apartments - Bedroom', 'Id': 421864, 'MediaTags': ['In Unit'], 'Caption': 'Bedroom', 'DisplayOrder': 0, 'MediaId': 0}, {'ImageUrl': 'https://media.equityapartments.com/images/c_crop,x_0,y_0,w_1920,h_1080/c_fill,w_1920,h_1080/q_auto,f_auto/3938-90/425-mass-apartments-den', 'Alt': '425 Mass Apartments - Den', 'Id': 421934, 'MediaTags': ['In Unit'], 'Caption': 'Den', 'DisplayOrder': 0, 'MediaId': 0}, {'ImageUrl': 'https://media.equityapartments.com/images/c_crop,x_0,y_0,w_1920,h_1080/c_fill,w_1920,h_1080/q_auto,f_auto/3938-92/425-mass-apartments-kitchen', 'Alt': '425 Mass Apartments - Kitchen', 'Id': 422015, 'MediaTags': ['In Unit'], 'Caption': 'Kitchen', 'DisplayOrder': 0, 'MediaId': 0}, {'ImageUrl': 'https://media.equityapartments.com/images/c_crop,x_0,y_0,w_1920,h_1080/c_fill,w_1920,h_1080/q_auto,f_auto/3938-93/425-mass-apartments-in-home-washer-and-dryer', 'Alt': '425 Mass Apartments - In-home Washer and Dryer', 'Id': 422085, 'MediaTags': ['In Unit'], 'Caption': 'In-home Washer and Dryer', 'DisplayOrder': 0, 'MediaId': 0}, {'ImageUrl': 'https://media.equityapartments.com/images/c_crop,x_0,y_0,w_1920,h_1080/c_fill,w_1920,h_1080/q_auto,f_auto/3938-94/425-mass-apartments-living-area', 'Alt': '425 Mass Apartments - Living Area', 'Id': 422155, 'MediaTags': ['In Unit'], 'Caption': 'Living Area', 'DisplayOrder': 0, 'MediaId': 0}]","[{'Key': '_F72Tq7NFiU', 'Id': 0, 'MediaTags': None, 'Caption': '425 Mass Apartments - Mt Vernon Triangle - Floorplan 1BR+Den J979 Unit PH125', 'DisplayOrder': 0, 'MediaId': 0}]","[{'Key': 'FWq5V9gmnSX', 'Id': 0, 'MediaTags': None, 'Caption': '3D Floorplan', 'DisplayOrder': 0, 'MediaId': 0}]",[],False,False
6,19288,116,425,4/19/2021,"{'Length': 12, 'Price': 2090}","[{'Length': 12, 'Price': 2090}, {'Length': 11, 'Price': 2125}, {'Length': 10, 'Price': 2125}, {'Length': 9, 'Price': 2405}, {'Length': 8, 'Price': 2425}, {'Length': 7, 'Price': 2300}, {'Length': 6, 'Price': 2395}, {'Length': 5, 'Price': 2420}, {'Length': 4, 'Price': 2470}, {'Length': 3, 'Price': 2420}]",865,1,1,378478,One Bedroom E/773,Floor 1,"This apartment home offers a spacious living room with floor to ceiling windows, a subterranean private patio, a built-in bookcase and a kitchen that opens out to the living room that is perfect for entertaining!","[{'Name': 'Eastern Exposure', 'Icon': ''}, {'Name': 'Private Subterranean Patio', 'Icon': ''}, {'Name': 'Southern Exposure', 'Icon': ''}]","{'Active': False, 'Title': None, 'Expires': None}","https://media.equityapartments.com/image/upload/f_auto,q_auto/3938-FP-378478-1-1-773","[{'ImageUrl': 'https://media.equityapartments.com/images/c_crop,x_0,y_0,w_1920,h_1080/c_fill,w_1920,h_1080/q_auto,f_auto/3938-58/425-mass-apartments-kitchen', 'Alt': '425 Mass Apartments - Kitchen', 'Id': 267691, 'MediaTags': ['In Unit'], 'Caption': 'Kitchen with Stainless Steel Appliances', 'DisplayOrder': 0, 'MediaId': 0}, {'ImageUrl': 'https://media.equityapartments.com/images/c_crop,x_0,y_0,w_1920,h_1080/c_fill,w_1920,h_1080/q_auto,f_auto/3938-60/425-mass-apartments-bathroom-and-in-home-washer-and-dryer', 'Alt': '425 Mass Apartments - Bathroom and In-home Washer and Dryer', 'Id': 267855, 'MediaTags': ['In Unit'], 'Caption': 'Bathroom and In-home Washer and Dryer', 'DisplayOrder': 0, 'MediaId': 0}, {'ImageUrl': 'https://media.equityapartments.com/images/c_crop,x_0,y_0,w_1920,h_1080/c_fill,w_1920,h_1080/q_auto,f_auto/3938-73/425-mass-apartments-living-area', 'Alt': '425 Mass Apartments - Living Area', 'Id': 304649, 'MediaTags': ['In Unit'], 'Caption': 'Living Room with Hardwood Flooring', 'DisplayOrder': 0, 'MediaId': 0}, {'ImageUrl': 'https://media.equityapartments.com/images/c_crop,x_0,y_0,w_1920,h_1080/c_fill,w_1920,h_1080/q_auto,f_auto/3938-72/425-mass-apartments-bedroom', 'Alt': '425 Mass Apartments - Bedroom ', 'Id': 304703, 'MediaTags': ['In Unit'], 'Caption': 'Carpeted Bedroom', 'DisplayOrder': 0, 'MediaId': 0}]",[],[],[],False,False
18,19288,121,425,6/11/2021,"{'Length': 12, 'Price': 2625}","[{'Length': 12, 'Price': 2625}, {'Length': 11, 'Price': 2675}, {'Length': 10, 'Price': 2675}, {'Length': 9, 'Price': 2920}, {'Length': 8, 'Price': 3015}, {'Length': 7, 'Price': 3090}, {'Length': 6, 'Price': 3115}, {'Length': 5, 'Price': 3245}, {'Length': 4, 'Price': 3290}, {'Length': 3, 'Price': 3210}]",979,1,2,378480,One Bedroom+Den J/979,Floor 1,"This home offers an extra den, floor to ceiling windows, a subterranean patio, and a built-in bookcase!","[{'Name': 'Northern Exposure', 'Icon': ''}, {'Name': 'Private Subterranean Patio', 'Icon': ''}]","{'Active': False, 'Title': None, 'Expires': None}","https://media.equityapartments.com/image/upload/f_auto,q_auto/3938-FP-378480-1-2-979","[{'ImageUrl': 'https://media.equityapartments.com/images/c_crop,x_0,y_0,w_1920,h_1080/c_fill,w_1920,h_1080/q_auto,f_auto/3938-91/425-mass-apartments-bathroom', 'Alt': '425 Mass Apartments - Bathroom', 'Id': 421796, 'MediaTags': ['In Unit'], 'Caption': 'Bathroom', 'DisplayOrder': 0, 'MediaId': 0}, {'ImageUrl': 'https://media.equityapartments.com/images/c_crop,x_0,y_0,w_1920,h_1080/c_fill,w_1920,h_1080/q_auto,f_auto/3938-95/425-mass-apartments-bedroom', 'Alt': '425 Mass Apartments - Bedroom', 'Id': 421866, 'MediaTags': ['In Unit'], 'Caption': 'Bedroom', 'DisplayOrder': 0, 'MediaId': 0}, {'ImageUrl': 'https://media.equityapartments.com/images/c_crop,x_0,y_0,w_1920,h_1080/c_fill,w_1920,h_1080/q_auto,f_auto/3938-90/425-mass-apartments-den', 'Alt': '425 Mass Apartments - Den', 'Id': 421936, 'MediaTags': ['In Unit'], 'Caption': 'Den', 'DisplayOrder': 0, 'MediaId': 0}, {'ImageUrl': 'https://media.equityapartments.com/images/c_crop,x_0,y_0,w_1920,h_1080/c_fill,w_1920,h_1080/q_auto,f_auto/3938-92/425-mass-apartments-kitchen', 'Alt': '425 Mass Apartments - Kitchen', 'Id': 422017, 'MediaTags': ['In Unit'], 'Caption': 'Kitchen', 'DisplayOrder': 0, 'MediaId': 0}, {'ImageUrl': 'https://media.equityapartments.com/images/c_crop,x_0,y_0,w_1920,h_1080/c_fill,w_1920,h_1080/q_auto,f_auto/3938-93/425-mass-apartments-in-home-washer-and-dryer', 'Alt': '425 Mass Apartments - In-home Washer and Dryer', 'Id': 422087, 'MediaTags': ['In Unit'], 'Caption': 'In-home Washer and Dryer', 'DisplayOrder': 0, 'MediaId': 0}, {'ImageUrl': 'https://media.equityapartments.com/images/c_crop,x_0,y_0,w_1920,h_1080/c_fill,w_1920,h_1080/q_auto,f_auto/3938-94/425-mass-apartments-living-area', 'Alt': '425 Mass Apartments - Living Area', 'Id': 422157, 'MediaTags': ['In Unit'], 'Caption': 'Living Area', 'DisplayOrder': 0, 'MediaId': 0}]","[{'Key': '_F72Tq7NFiU', 'Id': 0, 'MediaTags': None, 'Caption': '425 Mass Apartments - Mt Vernon Triangle - Floorplan 1BR+Den J979 Unit PH125', 'DisplayOrder': 0, 'MediaId': 0}]","[{'Key': 'FWq5V9gmnSX', 'Id': 0, 'MediaTags': None, 'Caption': '3D Floorplan', 'DisplayOrder': 0, 'MediaId': 0}]",[],False,False
14,19288,122,425,5/22/2021,"{'Length': 12, 'Price': 2555}","[{'Length': 12, 'Price': 2555}, {'Length': 11, 'Price': 2605}, {'Length': 10, 'Price': 2605}, {'Length': 9, 'Price': 2895}, {'Length': 8, 'Price': 3280}, {'Length': 7, 'Price': 3090}, {'Length': 6, 'Price': 3115}, {'Length': 5, 'Price': 3210}, {'Length': 4, 'Price': 3210}, {'Length': 3, 'Price': 3210}]",981,1,2,378480,One Bedroom+Den J/979,Floor 1,"This home offers an extra den, floor to ceiling windows, a subterranean patio, and a built-in bookcase!","[{'Name': 'Northern Exposure', 'Icon': ''}, {'Name': 'Private Subterranean Patio', 'Icon': ''}]","{'Active': False, 'Title': None, 'Expires': None}","https://media.equityapartments.com/image/upload/f_auto,q_auto/3938-FP-378480-1-2-979","[{'ImageUrl': 'https://media.equityapartments.com/images/c_crop,x_0,y_0,w_1920,h_1080/c_fill,w_1920,h_1080/q_auto,f_auto/3938-91/425-mass-apartments-bathroom', 'Alt': '425 Mass Apartments - Bathroom', 'Id': 421797, 'MediaTags': ['In Unit'], 'Caption': 'Bathroom', 'DisplayOrder': 0, 'MediaId': 0}, {'ImageUrl': 'https://media.equityapartments.com/images/c_crop,x_0,y_0,w_1920,h_1080/c_fill,w_1920,h_1080/q_auto,f_auto/3938-95/425-mass-apartments-bedroom', 'Alt': '425 Mass Apartments - Bedroom', 'Id': 421867, 'MediaTags': ['In Unit'], 'Caption': 'Bedroom', 'DisplayOrder': 0, 'MediaId': 0}, {'ImageUrl': 'https://media.equityapartments.com/images/c_crop,x_0,y_0,w_1920,h_1080/c_fill,w_1920,h_1080/q_auto,f_auto/3938-90/425-mass-apartments-den', 'Alt': '425 Mass Apartments - Den', 'Id': 421937, 'MediaTags': ['In Unit'], 'Caption': 'Den', 'DisplayOrder': 0, 'MediaId': 0}, {'ImageUrl': 'https://media.equityapartments.com/images/c_crop,x_0,y_0,w_1920,h_1080/c_fill,w_1920,h_1080/q_auto,f_auto/3938-92/425-mass-apartments-kitchen', 'Alt': '425 Mass Apartments - Kitchen', 'Id': 422018, 'MediaTags': ['In Unit'], 'Caption': 'Kitchen', 'DisplayOrder': 0, 'MediaId': 0}, {'ImageUrl': 'https://media.equityapartments.com/images/c_crop,x_0,y_0,w_1920,h_1080/c_fill,w_1920,h_1080/q_auto,f_auto/3938-93/425-mass-apartments-in-home-washer-and-dryer', 'Alt': '425 Mass Apartments - In-home Washer and Dryer', 'Id': 422088, 'MediaTags': ['In Unit'], 'Caption': 'In-home Washer and Dryer', 'DisplayOrder': 0, 'MediaId': 0}, {'ImageUrl': 'https://media.equityapartments.com/images/c_crop,x_0,y_0,w_1920,h_1080/c_fill,w_1920,h_1080/q_auto,f_auto/3938-94/425-mass-apartments-living-area', 'Alt': '425 Mass Apartments - Living Area', 'Id': 422158, 'MediaTags': ['In Unit'], 'Caption': 'Living Area', 'DisplayOrder': 0, 'MediaId': 0}]","[{'Key': '_F72Tq7NFiU', 'Id': 0, 'MediaTags': None, 'Caption': '425 Mass Apartments - Mt Vernon Triangle - Floorplan 1BR+Den J979 Unit PH125', 'DisplayOrder': 0, 'MediaId': 0}]","[{'Key': 'FWq5V9gmnSX', 'Id': 0, 'MediaTags': None, 'Caption': '3D Floorplan', 'DisplayOrder': 0, 'MediaId': 0}]",[],False,False
2,19288,1220,425,5/21/2021,"{'Length': 12, 'Price': 3277}","[{'Length': 12, 'Price': 3277}, {'Length': 11, 'Price': 3342}, {'Length': 10, 'Price': 3342}, {'Length': 9, 'Price': 3597}, {'Length': 8, 'Price': 3612}, {'Length': 7, 'Price': 3407}, {'Length': 6, 'Price': 3657}, {'Length': 5, 'Price': 3772}, {'Length': 4, 'Price': 3772}, {'Length': 3, 'Price': 3772}]",1340,2,2,378485,Two Bedroom/  Two Bath H/1340,Floor 12,This corner home offers an open living room with island kitchen that is perfect for entertaining.,"[{'Name': 'Corner Unit', 'Icon': ''}, {'Name': 'Eastern Exposure', 'Icon': ''}, {'Name': 'Juliet Balcony', 'Icon': ''}, {'Name': 'Northern Exposure', 'Icon': ''}]","{'Active': False, 'Title': None, 'Expires': None}","https://media.equityapartments.com/image/upload/f_auto,q_auto/3938-FP-378485-2-2-1340",[],[],[],[],False,False
24,19288,1222,425,7/3/2021,"{'Length': 12, 'Price': 2731}","[{'Length': 12, 'Price': 2731}, {'Length': 11, 'Price': 2781}, {'Length': 10, 'Price': 2781}, {'Length': 9, 'Price': 3246}, {'Length': 8, 'Price': 3101}, {'Length': 7, 'Price': 3126}, {'Length': 6, 'Price': 3341}, {'Length': 5, 'Price': 3831}, {'Length': 4, 'Price': 3906}, {'Length': 3, 'Price': 3746}]",1000,1,2,378480,One Bedroom+Den J/979,Floor 12,"This 1 Bed with Den/ 2 Bath home offers a spacious living room with floor to ceiling windows, a built-in bookcase and a kitchen that opens out to the living room that is perfect for entertaining!","[{'Name': 'Northern Exposure', 'Icon': ''}]","{'Active': False, 'Title': None, 'Expires': None}","https://media.equityapartments.com/image/upload/f_auto,q_auto/3938-FP-378480-1-2-979","[{'ImageUrl': 'https://media.equityapartments.com/images/c_crop,x_0,y_0,w_1920,h_1080/c_fill,w_1920,h_1080/q_auto,f_auto/3938-91/425-mass-apartments-bathroom', 'Alt': '425 Mass Apartments - Bathroom', 'Id': 421799, 'MediaTags': ['In Unit'], 'Caption': 'Bathroom', 'DisplayOrder': 0, 'MediaId': 0}, {'ImageUrl': 'https://media.equityapartments.com/images/c_crop,x_0,y_0,w_1920,h_1080/c_fill,w_1920,h_1080/q_auto,f_auto/3938-95/425-mass-apartments-bedroom', 'Alt': '425 Mass Apartments - Bedroom', 'Id': 421869, 'MediaTags': ['In Unit'], 'Caption': 'Bedroom', 'DisplayOrder': 0, 'MediaId': 0}, {'ImageUrl': 'https://media.equityapartments.com/images/c_crop,x_0,y_0,w_1920,h_1080/c_fill,w_1920,h_1080/q_auto,f_auto/3938-90/425-mass-apartments-den', 'Alt': '425 Mass Apartments - Den', 'Id': 421939, 'MediaTags': ['In Unit'], 'Caption': 'Den', 'DisplayOrder': 0, 'MediaId': 0}, {'ImageUrl': 'https://media.equityapartments.com/images/c_crop,x_0,y_0,w_1920,h_1080/c_fill,w_1920,h_1080/q_auto,f_auto/3938-92/425-mass-apartments-kitchen', 'Alt': '425 Mass Apartments - Kitchen', 'Id': 422020, 'MediaTags': ['In Unit'], 'Caption': 'Kitchen', 'DisplayOrder': 0, 'MediaId': 0}, {'ImageUrl': 'https://media.equityapartments.com/images/c_crop,x_0,y_0,w_1920,h_1080/c_fill,w_1920,h_1080/q_auto,f_auto/3938-93/425-mass-apartments-in-home-washer-and-dryer', 'Alt': '425 Mass Apartments - In-home Washer and Dryer', 'Id': 422090, 'MediaTags': ['In Unit'], 'Caption': 'In-home Washer and Dryer', 'DisplayOrder': 0, 'MediaId': 0}, {'ImageUrl': 'https://media.equityapartments.com/images/c_crop,x_0,y_0,w_1920,h_1080/c_fill,w_1920,h_1080/q_auto,f_auto/3938-94/425-mass-apartments-living-area', 'Alt': '425 Mass Apartments - Living Area', 'Id': 422160, 'MediaTags': ['In Unit'], 'Caption': 'Living Area', 'DisplayOrder': 0, 'MediaId': 0}]","[{'Key': '_F72Tq7NFiU', 'Id': 0, 'MediaTags': None, 'Caption': '425 Mass Apartments - Mt Vernon Triangle - Floorplan 1BR+Den J979 Unit PH125', 'DisplayOrder': 0, 'MediaId': 0}]","[{'Key': 'FWq5V9gmnSX', 'Id': 0, 'MediaTags': None, 'Caption': '3D Floorplan', 'DisplayOrder': 0, 'MediaId': 0}]",[],False,False
17,19288,1225,425,4/21/2021,"{'Length': 12, 'Price': 2601}","[{'Length': 12, 'Price': 2601}, {'Length': 11, 'Price': 2651}, {'Length': 10, 'Price': 2651}, {'Length': 9, 'Price': 3141}, {'Length': 8, 'Price': 3091}, {'Length': 7, 'Price': 2991}, {'Length': 6, 'Price': 3136}, {'Length': 5, 'Price': 3306}, {'Length': 4, 'Price': 3306}, {'Length': 3, 'Price': 3306}]",1000,1,2,378480,One Bedroom+Den J/979,Floor 12,"This 1 Bed with Den/ 2 Bath home offers a spacious living room with floor to ceiling windows, a built-in bookcase and a kitchen that opens out to the living room that is perfect for entertaining!","[{'Name': 'Northern Exposure', 'Icon': ''}]","{'Active': False, 'Title': None, 'Expires': None}","https://media.equityapartments.com/image/upload/f_auto,q_auto/3938-FP-378480-1-2-979","[{'ImageUrl': 'https://media.equityapartments.com/images/c_crop,x_0,y_0,w_1920,h_1080/c_fill,w_1920,h_1080/q_auto,f_auto/3938-91/425-mass-apartments-bathroom', 'Alt': '425 Mass Apartments - Bathroom', 'Id': 421802, 'MediaTags': ['In Unit'], 'Caption': 'Bathroom', 'DisplayOrder': 0, 'MediaId': 0}, {'ImageUrl': 'https://media.equityapartments.com/images/c_crop,x_0,y_0,w_1920,h_1080/c_fill,w_1920,h_1080/q_auto,f_auto/3938-95/425-mass-apartments-bedroom', 'Alt': '425 Mass Apartments - Bedroom', 'Id': 421872, 'MediaTags': ['In Unit'], 'Caption': 'Bedroom', 'DisplayOrder': 0, 'MediaId': 0}, {'ImageUrl': 'https://media.equityapartments.com/images/c_crop,x_0,y_0,w_1920,h_1080/c_fill,w_1920,h_1080/q_auto,f_auto/3938-90/425-mass-apartments-den', 'Alt': '425 Mass Apartments - Den', 'Id': 421942, 'MediaTags': ['In Unit'], 'Caption': 'Den', 'DisplayOrder': 0, 'MediaId': 0}, {'ImageUrl': 'https://media.equityapartments.com/images/c_crop,x_0,y_0,w_1920,h_1080/c_fill,w_1920,h_1080/q_auto,f_auto/3938-92/425-mass-apartments-kitchen', 'Alt': '425 Mass Apartments - Kitchen', 'Id': 422023, 'MediaTags': ['In Unit'], 'Caption': 'Kitchen', 'DisplayOrder': 0, 'MediaId': 0}, {'ImageUrl': 'https://media.equityapartments.com/images/c_crop,x_0,y_0,w_1920,h_1080/c_fill,w_1920,h_1080/q_auto,f_auto/3938-93/425-mass-apartments-in-home-washer-and-dryer', 'Alt': '425 Mass Apartments - In-home Washer and Dryer', 'Id': 422093, 'MediaTags': ['In Unit'], 'Caption': 'In-home Washer and Dryer', 'DisplayOrder': 0, 'MediaId': 0}, {'ImageUrl': 'https://media.equityapartments.com/images/c_crop,x_0,y_0,w_1920,h_1080/c_fill,w_1920,h_1080/q_auto,f_auto/3938-94/425-mass-apartments-living-area', 'Alt': '425 Mass Apartments - Living Area', 'Id': 422163, 'MediaTags': ['In Unit'], 'Caption': 'Living Area', 'DisplayOrder': 0, 'MediaId': 0}]","[{'Key': '_F72Tq7NFiU', 'Id': 0, 'MediaTags': None, 'Caption': '425 Mass Apartments - Mt Vernon Triangle - Floorplan 1BR+Den J979 Unit PH125', 'DisplayOrder': 0, 'MediaId': 0}]","[{'Key': 'FWq5V9gmnSX', 'Id': 0, 'MediaTags': None, 'Caption': '3D Floorplan', 'DisplayOrder': 0, 'MediaId': 0}]",[],False,False
10,19288,124,425,4/19/2021,"{'Length': 12, 'Price': 2355}","[{'Length': 12, 'Price': 2355}, {'Length': 11, 'Price': 2405}, {'Length': 10, 'Price': 2405}, {'Length': 9, 'Price': 2895}, {'Length': 8, 'Price': 2845}, {'Length': 7, 'Price': 2745}, {'Length': 6, 'Price': 2890}, {'Length': 5, 'Price': 3060}, {'Length': 4, 'Price': 3060}, {'Length': 3, 'Price': 3060}]",981,1,2,378480,One Bedroom+Den J/979,Floor 1,"This home offers an extra den, floor to ceiling windows, a subterranean patio, and a built-in bookcase!","[{'Name': 'Northern Exposure', 'Icon': ''}, {'Name': 'Private Subterranean Patio', 'Icon': ''}]","{'Active': False, 'Title': None, 'Expires': None}","https://media.equityapartments.com/image/upload/f_auto,q_auto/3938-FP-378480-1-2-979","[{'ImageUrl': 'https://media.equityapartments.com/images/c_crop,x_0,y_0,w_1920,h_1080/c_fill,w_1920,h_1080/q_auto,f_auto/3938-91/425-mass-apartments-bathroom', 'Alt': '425 Mass Apartments - Bathroom', 'Id': 421804, 'MediaTags': ['In Unit'], 'Caption': 'Bathroom', 'DisplayOrder': 0, 'MediaId': 0}, {'ImageUrl': 'https://media.equityapartments.com/images/c_crop,x_0,y_0,w_1920,h_1080/c_fill,w_1920,h_1080/q_auto,f_auto/3938-95/425-mass-apartments-bedroom', 'Alt': '425 Mass Apartments - Bedroom', 'Id': 421874, 'MediaTags': ['In Unit'], 'Caption': 'Bedroom', 'DisplayOrder': 0, 'MediaId': 0}, {'ImageUrl': 'https://media.equityapartments.com/images/c_crop,x_0,y_0,w_1920,h_1080/c_fill,w_1920,h_1080/q_auto,f_auto/3938-90/425-mass-apartments-den', 'Alt': '425 Mass Apartments - Den', 'Id': 421944, 'MediaTags': ['In Unit'], 'Caption': 'Den', 'DisplayOrder': 0, 'MediaId': 0}, {'ImageUrl': 'https://media.equityapartments.com/images/c_crop,x_0,y_0,w_1920,h_1080/c_fill,w_1920,h_1080/q_auto,f_auto/3938-92/425-mass-apartments-kitchen', 'Alt': '425 Mass Apartments - Kitchen', 'Id': 422025, 'MediaTags': ['In Unit'], 'Caption': 'Kitchen', 'DisplayOrder': 0, 'MediaId': 0}, {'ImageUrl': 'https://media.equityapartments.com/images/c_crop,x_0,y_0,w_1920,h_1080/c_fill,w_1920,h_1080/q_auto,f_auto/3938-93/425-mass-apartments-in-home-washer-and-dryer', 'Alt': '425 Mass Apartments - In-home Washer and Dryer', 'Id': 422095, 'MediaTags': ['In Unit'], 'Caption': 'In-home Washer and Dryer', 'DisplayOrder': 0, 'MediaId': 0}, {'ImageUrl': 'https://media.equityapartments.com/images/c_crop,x_0,y_0,w_1920,h_1080/c_fill,w_1920,h_1080/q_auto,f_auto/3938-94/425-mass-apartments-living-area', 'Alt': '425 Mass Apartments - Living Area', 'Id': 422165, 'MediaTags': ['In Unit'], 'Caption': 'Living Area', 'DisplayOrder': 0, 'MediaId': 0}]","[{'Key': '_F72Tq7NFiU', 'Id': 0, 'MediaTags': None, 'Caption': '425 Mass Apartments - Mt Vernon Triangle - Floorplan 1BR+Den J979 Unit PH125', 'DisplayOrder': 0, 'MediaId': 0}]","[{'Key': 'FWq5V9gmnSX', 'Id': 0, 'MediaTags': None, 'Caption': '3D Floorplan', 'DisplayOrder': 0, 'MediaId': 0}]",[],False,False
13,19288,125,425,5/20/2021,"{'Length': 12, 'Price': 2555}","[{'Length': 12, 'Price': 2555}, {'Length': 11, 'Price': 2605}, {'Length': 10, 'Price': 2605}, {'Length': 9, 'Price': 2895}, {'Length': 8, 'Price': 3280}, {'Length': 7, 'Price': 3090}, {'Length': 6, 'Price': 3115}, {'Length': 5, 'Price': 3210}, {'Length': 4, 'Price': 3210}, {'Length': 3, 'Price': 3210}]",979,1,2,378480,One Bedroom+Den J/979,Floor 1,"This home offers an extra den, floor to ceiling windows, a subterranean patio, and a built-in bookcase!","[{'Name': 'Northern Exposure', 'Icon': ''}, {'Name': 'Private Subterranean Patio', 'Icon': ''}]","{'Active': False, 'Title': None, 'Expires': None}","https://media.equityapartments.com/image/upload/f_auto,q_auto/3938-FP-378480-1-2-979","[{'ImageUrl': 'https://media.equityapartments.com/images/c_crop,x_0,y_0,w_1920,h_1080/c_fill,w_1920,h_1080/q_auto,f_auto/3938-91/425-mass-apartments-bathroom', 'Alt': '425 Mass Apartments - Bathroom', 'Id': 421805, 'MediaTags': ['In Unit'], 'Caption': 'Bathroom', 'DisplayOrder': 0, 'MediaId': 0}, {'ImageUrl': 'https://media.equityapartments.com/images/c_crop,x_0,y_0,w_1920,h_1080/c_fill,w_1920,h_1080/q_auto,f_auto/3938-95/425-mass-apartments-bedroom', 'Alt': '425 Mass Apartments - Bedroom', 'Id': 421875, 'MediaTags': ['In Unit'], 'Caption': 'Bedroom', 'DisplayOrder': 0, 'MediaId': 0}, {'ImageUrl': 'https://media.equityapartments.com/images/c_crop,x_0,y_0,w_1920,h_1080/c_fill,w_1920,h_1080/q_auto,f_auto/3938-90/425-mass-apartments-den', 'Alt': '425 Mass Apartments - Den', 'Id': 421945, 'MediaTags': ['In Unit'], 'Caption': 'Den', 'DisplayOrder': 0, 'MediaId': 0}, {'ImageUrl': 'https://media.equityapartments.com/images/c_crop,x_0,y_0,w_1920,h_1080/c_fill,w_1920,h_1080/q_auto,f_auto/3938-92/425-mass-apartments-kitchen', 'Alt': '425 Mass Apartments - Kitchen', 'Id': 422026, 'MediaTags': ['In Unit'], 'Caption': 'Kitchen', 'DisplayOrder': 0, 'MediaId': 0}, {'ImageUrl': 'https://media.equityapartments.com/images/c_crop,x_0,y_0,w_1920,h_1080/c_fill,w_1920,h_1080/q_auto,f_auto/3938-93/425-mass-apartments-in-home-washer-and-dryer', 'Alt': '425 Mass Apartments - In-home Washer and Dryer', 'Id': 422096, 'MediaTags': ['In Unit'], 'Caption': 'In-home Washer and Dryer', 'DisplayOrder': 0, 'MediaId': 0}, {'ImageUrl': 'https://media.equityapartments.com/images/c_crop,x_0,y_0,w_1920,h_1080/c_fill,w_1920,h_1080/q_auto,f_auto/3938-94/425-mass-apartments-living-area', 'Alt': '425 Mass Apartments - Living Area', 'Id': 422166, 'MediaTags': ['In Unit'], 'Caption': 'Living Area', 'DisplayOrder': 0, 'MediaId': 0}]","[{'Key': '_F72Tq7NFiU', 'Id': 0, 'MediaTags': None, 'Caption': '425 Mass Apartments - Mt Vernon Triangle - Floorplan 1BR+Den J979 Unit PH125', 'DisplayOrder': 0, 'MediaId': 0}]","[{'Key': 'FWq5V9gmnSX', 'Id': 0, 'MediaTags': None, 'Caption': '3D Floorplan', 'DisplayOrder': 0, 'MediaId': 0}]",[],False,False
11,19288,208,425,5/29/2021,"{'Length': 12, 'Price': 2410}","[{'Length': 12, 'Price': 2410}, {'Length': 11, 'Price': 2460}, {'Length': 10, 'Price': 2460}, {'Length': 9, 'Price': 2650}, {'Length': 8, 'Price': 2910}, {'Length': 7, 'Price': 2800}, {'Length': 6, 'Price': 2855}, {'Length': 5, 'Price': 3045}, {'Length': 4, 'Price': 3030}, {'Length': 3, 'Price': 3030}]",887,1,1,00002291,One Bedroom+  Den J 887,Floor 2,"This home offers a living room with tall ceilings and windows. The main bedroom is spacious (queen bed), and features two closets, while the den makes a perfect guest room or home-office.","[{'Name': 'Balcony', 'Icon': ''}, {'Name': 'Northern Exposure', 'Icon': ''}]","{'Active': False, 'Title': None, 'Expires': None}","https://media.equityapartments.com/image/upload/f_auto,q_auto/3938-FP-00002291-1-1-887",[],[],[],[],False,False
16,19288,222,425,5/13/2021,"{'Length': 12, 'Price': 2600}","[{'Length': 12, 'Price': 2600}, {'Length': 11, 'Price': 2650}, {'Length': 10, 'Price': 2650}, {'Length': 9, 'Price': 3145}, {'Length': 8, 'Price': 3440}, {'Length': 7, 'Price': 3240}, {'Length': 6, 'Price': 3325}, {'Length': 5, 'Price': 3280}, {'Length': 4, 'Price': 3280}, {'Length': 3, 'Price': 3280}]",991,1,2,378480,One Bedroom+Den J/979,Floor 2,"This 1 Bed with Den/ 2 Bath home offers floor to ceiling windows, a patio with street access, and a built-in bookcase!","[{'Name': 'Balcony', 'Icon': ''}, {'Name': 'Northern Exposure', 'Icon': ''}]","{'Active': False, 'Title': None, 'Expires': None}","https://media.equityapartments.com/image/upload/f_auto,q_auto/3938-FP-378480-1-2-979","[{'ImageUrl': 'https://media.equityapartments.com/images/c_crop,x_0,y_0,w_1920,h_1080/c_fill,w_1920,h_1080/q_auto,f_auto/3938-91/425-mass-apartments-bathroom', 'Alt': '425 Mass Apartments - Bathroom', 'Id': 421807, 'MediaTags': ['In Unit'], 'Caption': 'Bathroom', 'DisplayOrder': 0, 'MediaId': 0}, {'ImageUrl': 'https://media.equityapartments.com/images/c_crop,x_0,y_0,w_1920,h_1080/c_fill,w_1920,h_1080/q_auto,f_auto/3938-95/425-mass-apartments-bedroom', 'Alt': '425 Mass Apartments - Bedroom', 'Id': 421877, 'MediaTags': ['In Unit'], 'Caption': 'Bedroom', 'DisplayOrder': 0, 'MediaId': 0}, {'ImageUrl': 'https://media.equityapartments.com/images/c_crop,x_0,y_0,w_1920,h_1080/c_fill,w_1920,h_1080/q_auto,f_auto/3938-90/425-mass-apartments-den', 'Alt': '425 Mass Apartments - Den', 'Id': 421947, 'MediaTags': ['In Unit'], 'Caption': 'Den', 'DisplayOrder': 0, 'MediaId': 0}, {'ImageUrl': 'https://media.equityapartments.com/images/c_crop,x_0,y_0,w_1920,h_1080/c_fill,w_1920,h_1080/q_auto,f_auto/3938-92/425-mass-apartments-kitchen', 'Alt': '425 Mass Apartments - Kitchen', 'Id': 422028, 'MediaTags': ['In Unit'], 'Caption': 'Kitchen', 'DisplayOrder': 0, 'MediaId': 0}, {'ImageUrl': 'https://media.equityapartments.com/images/c_crop,x_0,y_0,w_1920,h_1080/c_fill,w_1920,h_1080/q_auto,f_auto/3938-93/425-mass-apartments-in-home-washer-and-dryer', 'Alt': '425 Mass Apartments - In-home Washer and Dryer', 'Id': 422098, 'MediaTags': ['In Unit'], 'Caption': 'In-home Washer and Dryer', 'DisplayOrder': 0, 'MediaId': 0}, {'ImageUrl': 'https://media.equityapartments.com/images/c_crop,x_0,y_0,w_1920,h_1080/c_fill,w_1920,h_1080/q_auto,f_auto/3938-94/425-mass-apartments-living-area', 'Alt': '425 Mass Apartments - Living Area', 'Id': 422168, 'MediaTags': ['In Unit'], 'Caption': 'Living Area', 'DisplayOrder': 0, 'MediaId': 0}]","[{'Key': '_F72Tq7NFiU', 'Id': 0, 'MediaTags': None, 'Caption': '425 Mass Apartments - Mt Vernon Triangle - Floorplan 1BR+Den J979 Unit PH125', 'DisplayOrder': 0, 'MediaId': 0}]","[{'Key': 'FWq5V9gmnSX', 'Id': 0, 'MediaTags': None, 'Caption': '3D Floorplan', 'DisplayOrder': 0, 'MediaId': 0}]",[],False,False
4,19288,301,425,5/6/2021,"{'Length': 12, 'Price': 3384}","[{'Length': 12, 'Price': 3384}, {'Length': 11, 'Price': 3444}, {'Length': 10, 'Price': 3444}, {'Length': 9, 'Price': 3709}, {'Length': 8, 'Price': 3564}, {'Length': 7, 'Price': 3529}, {'Length': 6, 'Price': 3789}, {'Length': 5, 'Price': 3894}, {'Length': 4, 'Price': 3894}, {'Length': 3, 'Price': 3894}]",1416,2,2,378487,Two Bedroom+Den/  Two Bath B/1493,Floor 3,"This 1 Bed with 2 Den/ 2 Bath home offers a large living room with floor to ceiling windows and a balcony overlooking the city. The main bedroom has plenty of closet space, double sinks and a stand-in shower in the en-suite bathroom.                                                                                                                                                                                                                                                                                                                                                                                                                                                                                                                                                                                                                                                                                                                                                                                               ","[{'Name': 'Balcony', 'Icon': ''}, {'Name': 'Southern Exposure', 'Icon': ''}]","{'Active': False, 'Title': None, 'Expires': None}","https://media.equityapartments.com/image/upload/f_auto,q_auto/3938-FP-378487-2-2-1493","[{'ImageUrl': 'https://media.equityapartments.com/images/c_crop,x_0,y_0,w_1920,h_1080/c_fill,w_1920,h_1080/q_auto,f_auto/3938-Unit404FP-9/425-mass-apartments-404fp', 'Alt': '425 Mass Apartments - 401FP', 'Id': 199994, 'MediaTags': ['In Unit'], 'Caption': 'Views from the Balcony', 'DisplayOrder': 0, 'MediaId': 0}]",[],[],[],False,False
5,19288,304,425,4/19/2021,"{'Length': 12, 'Price': 3450}","[{'Length': 12, 'Price': 3450}, {'Length': 11, 'Price': 3510}, {'Length': 10, 'Price': 3510}, {'Length': 9, 'Price': 3770}, {'Length': 8, 'Price': 3730}, {'Length': 7, 'Price': 3710}, {'Length': 6, 'Price': 3870}, {'Length': 5, 'Price': 4525}, {'Length': 4, 'Price': 4575}, {'Length': 3, 'Price': 4350}]",1585,2,2,378488,Two Bedroom+Den Loft/  Two Bath K/1585,Floor 3,"This 2 Bed with Den/ 2.5 Bath loft style home offers an unique living experience with 18 ft ceilings, floor to ceiling windows, an open kitchen with breakfast bar, a built in desk under the stairs and powder room.                                                                                                                                                                                                                                                                                                                                                                                                                                                                                                                                                                                                                                                                                                                                                                                                                   ","[{'Name': 'Balcony', 'Icon': ''}, {'Name': 'Southern Exposure', 'Icon': ''}, {'Name': 'Two Level Loft-style', 'Icon': ''}]","{'Active': True, 'Title': 'Up to 1 Month off Move In Costs on Select Apartments! Offer valid on new leases only. Onsite transfers excluded.', 'Expires': '4/30/2021'}","https://media.equityapartments.com/image/upload/f_auto,q_auto/3938-FP-378488-2-25-1585","[{'ImageUrl': 'https://media.equityapartments.com/images/c_crop,x_0,y_0,w_1920,h_1080/c_fill,w_1920,h_1080/q_auto,f_auto/3938-Unit404FP-9/425-mass-apartments-404fp', 'Alt': '425 Mass Apartments - 401FP', 'Id': 200017, 'MediaTags': ['In Unit'], 'Caption': 'Views from the Balcony', 'DisplayOrder': 0, 'MediaId': 0}]","[{'Key': '28SfNNNK4a4', 'Id': 0, 'MediaTags': None, 'Caption': 'Video of 1585 sqft 2 bedroom apartment', 'DisplayOrder': 0, 'MediaId': 0}]","[{'Key': 'CsNhHyuawzQ', 'Id': 0, 'MediaTags': None, 'Caption': '3D Floorplan', 'DisplayOrder': 0, 'MediaId': 0}]",[],False,False
8,19288,305,425,7/7/2021,"{'Length': 12, 'Price': 3723}","[{'Length': 12, 'Price': 3723}, {'Length': 11, 'Price': 3788}, {'Length': 10, 'Price': 3788}, {'Length': 9, 'Price': 3968}, {'Length': 8, 'Price': 3983}, {'Length': 7, 'Price': 3813}, {'Length': 6, 'Price': 3978}, {'Length': 5, 'Price': 4623}, {'Length': 4, 'Price': 4678}, {'Length': 3, 'Price': 4458}]",1529,2,2,378490,Two Bedroom+Den B/1529,Floor 3,"This 2 Bed with Den/ 2 Bath home offers spacious living room, an open style kitchen, a walk-in pantry and a balcony looking onto the city.                                                                                                                                                                                                                                                                                                                                                                                                                                                                                                                                                                                                                                                                                                                                                                                                                                                                                              ","[{'Name': 'Balcony', 'Icon': ''}, {'Name': 'Southern Exposure', 'Icon': ''}]","{'Active': False, 'Title': None, 'Expires': None}","https://media.equityapartments.com/image/upload/f_auto,q_auto/3938-FP-378490-2-2-1529","[{'ImageUrl': 'https://media.equityapartments.com/images/c_crop,x_0,y_0,w_1920,h_1080/c_fill,w_1920,h_1080/q_auto,f_auto/3938-Unit404FP-9/425-mass-apartments-404fp', 'Alt': '425 Mass Apartments - 401FP', 'Id': 200024, 'MediaTags': ['In Unit'], 'Caption': 'Views from the Balcony', 'DisplayOrder': 0, 'MediaId': 0}]",[],[],[],False,False
19,19288,324,425,6/16/2021,"{'Length': 12, 'Price': 2627}","[{'Length': 12, 'Price': 2627}, {'Length': 11, 'Price': 2677}, {'Length': 10, 'Price': 2677}, {'Length': 9, 'Price': 2922}, {'Length': 8, 'Price': 3017}, {'Length': 7, 'Price': 3092}, {'Length': 6, 'Price': 3117}, {'Length': 5, 'Price': 3247}, {'Length': 4, 'Price': 3292}, {'Length': 3, 'Price': 3212}]",1000,1,2,378480,One Bedroom+Den J/979,Floor 3,"This 1 Bed with Den/ 2 Bath home offers floor to ceiling windows, a window seat, and a built-in bookcase!","[{'Name': 'Northern Exposure', 'Icon': ''}]","{'Active': False, 'Title': None, 'Expires': None}","https://media.equityapartments.com/image/upload/f_auto,q_auto/3938-FP-378480-1-2-979","[{'ImageUrl': 'https://media.equityapartments.com/images/c_crop,x_0,y_0,w_1920,h_1080/c_fill,w_1920,h_1080/q_auto,f_auto/3938-91/425-mass-apartments-bathroom', 'Alt': '425 Mass Apartments - Bathroom', 'Id': 421814, 'MediaTags': ['In Unit'], 'Caption': 'Bathroom', 'DisplayOrder': 0, 'MediaId': 0}, {'ImageUrl': 'https://media.equityapartments.com/images/c_crop,x_0,y_0,w_1920,h_1080/c_fill,w_1920,h_1080/q_auto,f_auto/3938-95/425-mass-apartments-bedroom', 'Alt': '425 Mass Apartments - Bedroom', 'Id': 421884, 'MediaTags': ['In Unit'], 'Caption': 'Bedroom', 'DisplayOrder': 0, 'MediaId': 0}, {'ImageUrl': 'https://media.equityapartments.com/images/c_crop,x_0,y_0,w_1920,h_1080/c_fill,w_1920,h_1080/q_auto,f_auto/3938-90/425-mass-apartments-den', 'Alt': '425 Mass Apartments - Den', 'Id': 421954, 'MediaTags': ['In Unit'], 'Caption': 'Den', 'DisplayOrder': 0, 'MediaId': 0}, {'ImageUrl': 'https://media.equityapartments.com/images/c_crop,x_0,y_0,w_1920,h_1080/c_fill,w_1920,h_1080/q_auto,f_auto/3938-92/425-mass-apartments-kitchen', 'Alt': '425 Mass Apartments - Kitchen', 'Id': 422035, 'MediaTags': ['In Unit'], 'Caption': 'Kitchen', 'DisplayOrder': 0, 'MediaId': 0}, {'ImageUrl': 'https://media.equityapartments.com/images/c_crop,x_0,y_0,w_1920,h_1080/c_fill,w_1920,h_1080/q_auto,f_auto/3938-93/425-mass-apartments-in-home-washer-and-dryer', 'Alt': '425 Mass Apartments - In-home Washer and Dryer', 'Id': 422105, 'MediaTags': ['In Unit'], 'Caption': 'In-home Washer and Dryer', 'DisplayOrder': 0, 'MediaId': 0}, {'ImageUrl': 'https://media.equityapartments.com/images/c_crop,x_0,y_0,w_1920,h_1080/c_fill,w_1920,h_1080/q_auto,f_auto/3938-94/425-mass-apartments-living-area', 'Alt': '425 Mass Apartments - Living Area', 'Id': 422175, 'MediaTags': ['In Unit'], 'Caption': 'Living Area', 'DisplayOrder': 0, 'MediaId': 0}]","[{'Key': '_F72Tq7NFiU', 'Id': 0, 'MediaTags': None, 'Caption': '425 Mass Apartments - Mt Vernon Triangle - Floorplan 1BR+Den J979 Unit PH125', 'DisplayOrder': 0, 'MediaId': 0}]","[{'Key': 'FWq5V9gmnSX', 'Id': 0, 'MediaTags': None, 'Caption': '3D Floorplan', 'DisplayOrder': 0, 'MediaId': 0}]",[],False,False
1,19288,401,425,4/19/2021,"{'Length': 12, 'Price': 3259}","[{'Length': 12, 'Price': 3259}, {'Length': 11, 'Price': 3319}, {'Length': 10, 'Price': 3319}, {'Length': 9, 'Price': 3484}, {'Length': 8, 'Price': 3404}, {'Length': 7, 'Price': 3464}, {'Length': 6, 'Price': 3629}, {'Length': 5, 'Price': 3829}, {'Length': 4, 'Price': 3829}, {'Length': 3, 'Price': 3829}]",1416,2,2,378487,Two Bedroom+Den/  Two Bath B/1493,Floor 4,"This 1 Bed with 2 Den/ 2 Bath home offers a large living room with floor to ceiling windows and a balcony overlooking the city. The main bedroom has plenty of closet space, double sinks and a stand-in shower in the en-suite bathroom.                                                                                                                                                                                                                                                                                                                                                                                                                                                                                                                                                                                                                                                                                                                                                                                               ","[{'Name': 'Balcony', 'Icon': ''}, {'Name': 'Southern Exposure', 'Icon': ''}]","{'Active': False, 'Title': None, 'Expires': None}","https://media.equityapartments.com/image/upload/f_auto,q_auto/3938-FP-378487-2-2-1493","[{'ImageUrl': 'https://media.equityapartments.com/images/c_crop,x_0,y_0,w_1920,h_1080/c_fill,w_1920,h_1080/q_auto,f_auto/3938-Unit404FP-9/425-mass-apartments-404fp', 'Alt': '425 Mass Apartments - 401FP', 'Id': 199995, 'MediaTags': ['In Unit'], 'Caption': 'Views from the Balcony', 'DisplayOrder': 0, 'MediaId': 0}]",[],[],[],False,False
4,19288,426,425,6/19/2021,"{'Length': 12, 'Price': 2060}","[{'Length': 12, 'Price': 2060}, {'Length': 11, 'Price': 2095}, {'Length': 10, 'Price': 2095}, {'Length': 9, 'Price': 2305}, {'Length': 8, 'Price': 2455}, {'Length': 7, 'Price': 2350}, {'Length': 6, 'Price': 2420}, {'Length': 5, 'Price': 2585}, {'Length': 4, 'Price': 2700}, {'Length': 3, 'Price': 2620}]",825,1,1,378479,One Bedroom E/825,Floor 4,"This apartment home offers a spacious living room with floor to ceiling windows overlooking the city, a built-in bookcase and an open style kitchen with breakfast bar that is perfect for entertaining!","[{'Name': 'Juliet Balcony', 'Icon': ''}, {'Name': 'Northern Exposure', 'Icon': ''}]","{'Active': False, 'Title': None, 'Expires': None}","https://media.equityapartments.com/image/upload/f_auto,q_auto/3938-FP-378479-1-1-825",[],[],[],[],False,False
9,19288,504,425,5/8/2021,"{'Length': 12, 'Price': 3760}","[{'Length': 12, 'Price': 3760}, {'Length': 11, 'Price': 3820}, {'Length': 10, 'Price': 3820}, {'Length': 9, 'Price': 4010}, {'Length': 8, 'Price': 3980}, {'Length': 7, 'Price': 3980}, {'Length': 6, 'Price': 4140}, {'Length': 5, 'Price': 4715}, {'Length': 4, 'Price': 4790}, {'Length': 3, 'Price': 4620}]",1585,2,2,378488,Two Bedroom+Den Loft/  Two Bath K/1585,Floor 5,"This 2 Bed with Den/ 2.5 Bath loft style home offers an unique living experience with 18 ft ceilings, floor to ceiling windows, an open kitchen with breakfast bar, a built in desk under the stairs and powder room.                                                                                                                                                                                                                                                                                                                                                                                                                                                                                                                                                                                                                                                                                                                                                                                                                   ","[{'Name': 'Balcony', 'Icon': ''}, {'Name': 'Southern Exposure', 'Icon': ''}, {'Name': 'Two Level Loft-style', 'Icon': ''}]","{'Active': False, 'Title': None, 'Expires': None}","https://media.equityapartments.com/image/upload/f_auto,q_auto/3938-FP-378488-2-25-1585","[{'ImageUrl': 'https://media.equityapartments.com/images/c_crop,x_0,y_0,w_1920,h_1080/c_fill,w_1920,h_1080/q_auto,f_auto/3938-Unit404FP-9/425-mass-apartments-404fp', 'Alt': '425 Mass Apartments - 401FP', 'Id': 200018, 'MediaTags': ['In Unit'], 'Caption': 'Views from the Balcony', 'DisplayOrder': 0, 'MediaId': 0}]","[{'Key': '28SfNNNK4a4', 'Id': 0, 'MediaTags': None, 'Caption': 'Video of 1585 sqft 2 bedroom apartment', 'DisplayOrder': 0, 'MediaId': 0}]","[{'Key': 'CsNhHyuawzQ', 'Id': 0, 'MediaTags': None, 'Caption': '3D Floorplan', 'DisplayOrder': 0, 'MediaId': 0}]",[],False,False
20,19288,525,425,7/9/2021,"{'Length': 12, 'Price': 2662}","[{'Length': 12, 'Price': 2662}, {'Length': 11, 'Price': 2712}, {'Length': 10, 'Price': 2712}, {'Length': 9, 'Price': 3307}, {'Length': 8, 'Price': 3257}, {'Length': 7, 'Price': 3162}, {'Length': 6, 'Price': 3417}, {'Length': 5, 'Price': 3697}, {'Length': 4, 'Price': 3777}, {'Length': 3, 'Price': 3627}]",1000,1,2,378480,One Bedroom+Den J/979,Floor 5,"This 1 Bed with Den/ 2 Bath home offers a spacious living room with floor to ceiling windows, a built-in bookcase and a kitchen that opens out to the living room that is perfect for entertaining!","[{'Name': 'Northern Exposure', 'Icon': ''}]","{'Active': False, 'Title': None, 'Expires': None}","https://media.equityapartments.com/image/upload/f_auto,q_auto/3938-FP-378480-1-2-979","[{'ImageUrl': 'https://media.equityapartments.com/images/c_crop,x_0,y_0,w_1920,h_1080/c_fill,w_1920,h_1080/q_auto,f_auto/3938-91/425-mass-apartments-bathroom', 'Alt': '425 Mass Apartments - Bathroom', 'Id': 421825, 'MediaTags': ['In Unit'], 'Caption': 'Bathroom', 'DisplayOrder': 0, 'MediaId': 0}, {'ImageUrl': 'https://media.equityapartments.com/images/c_crop,x_0,y_0,w_1920,h_1080/c_fill,w_1920,h_1080/q_auto,f_auto/3938-95/425-mass-apartments-bedroom', 'Alt': '425 Mass Apartments - Bedroom', 'Id': 421895, 'MediaTags': ['In Unit'], 'Caption': 'Bedroom', 'DisplayOrder': 0, 'MediaId': 0}, {'ImageUrl': 'https://media.equityapartments.com/images/c_crop,x_0,y_0,w_1920,h_1080/c_fill,w_1920,h_1080/q_auto,f_auto/3938-90/425-mass-apartments-den', 'Alt': '425 Mass Apartments - Den', 'Id': 421965, 'MediaTags': ['In Unit'], 'Caption': 'Den', 'DisplayOrder': 0, 'MediaId': 0}, {'ImageUrl': 'https://media.equityapartments.com/images/c_crop,x_0,y_0,w_1920,h_1080/c_fill,w_1920,h_1080/q_auto,f_auto/3938-92/425-mass-apartments-kitchen', 'Alt': '425 Mass Apartments - Kitchen', 'Id': 422046, 'MediaTags': ['In Unit'], 'Caption': 'Kitchen', 'DisplayOrder': 0, 'MediaId': 0}, {'ImageUrl': 'https://media.equityapartments.com/images/c_crop,x_0,y_0,w_1920,h_1080/c_fill,w_1920,h_1080/q_auto,f_auto/3938-93/425-mass-apartments-in-home-washer-and-dryer', 'Alt': '425 Mass Apartments - In-home Washer and Dryer', 'Id': 422116, 'MediaTags': ['In Unit'], 'Caption': 'In-home Washer and Dryer', 'DisplayOrder': 0, 'MediaId': 0}, {'ImageUrl': 'https://media.equityapartments.com/images/c_crop,x_0,y_0,w_1920,h_1080/c_fill,w_1920,h_1080/q_auto,f_auto/3938-94/425-mass-apartments-living-area', 'Alt': '425 Mass Apartments - Living Area', 'Id': 422186, 'MediaTags': ['In Unit'], 'Caption': 'Living Area', 'DisplayOrder': 0, 'MediaId': 0}]","[{'Key': '_F72Tq7NFiU', 'Id': 0, 'MediaTags': None, 'Caption': '425 Mass Apartments - Mt Vernon Triangle - Floorplan 1BR+Den J979 Unit PH125', 'DisplayOrder': 0, 'MediaId': 0}]","[{'Key': 'FWq5V9gmnSX', 'Id': 0, 'MediaTags': None, 'Caption': '3D Floorplan', 'DisplayOrder': 0, 'MediaId': 0}]",[],False,False
7,19288,701,425,5/7/2021,"{'Length': 12, 'Price': 3524}","[{'Length': 12, 'Price': 3524}, {'Length': 11, 'Price': 3584}, {'Length': 10, 'Price': 3584}, {'Length': 9, 'Price': 3849}, {'Length': 8, 'Price': 3704}, {'Length': 7, 'Price': 3669}, {'Length': 6, 'Price': 3929}, {'Length': 5, 'Price': 4034}, {'Length': 4, 'Price': 4034}, {'Length': 3, 'Price': 4034}]",1416,2,2,378487,Two Bedroom+Den/  Two Bath B/1493,Floor 7,"This 2 Bed with Den/ 2 Bath home offers a large living room with floor to ceiling windows and a balcony overlooking the city. The main bedroom suite has plenty of closet space, double sinks and a stand-in shower in the  en-suite bathroom.","[{'Name': 'Balcony', 'Icon': ''}, {'Name': 'Southern Exposure', 'Icon': ''}]","{'Active': False, 'Title': None, 'Expires': None}","https://media.equityapartments.com/image/upload/f_auto,q_auto/3938-FP-378487-2-2-1493","[{'ImageUrl': 'https://media.equityapartments.com/images/c_crop,x_0,y_0,w_1920,h_1080/c_fill,w_1920,h_1080/q_auto,f_auto/3938-Unit404FP-9/425-mass-apartments-404fp', 'Alt': '425 Mass Apartments - 401FP', 'Id': 199998, 'MediaTags': ['In Unit'], 'Caption': 'Views from the Balcony', 'DisplayOrder': 0, 'MediaId': 0}]",[],[],[],False,False
6,19288,901,425,4/19/2021,"{'Length': 12, 'Price': 3486}","[{'Length': 12, 'Price': 3486}, {'Length': 11, 'Price': 3546}, {'Length': 10, 'Price': 3546}, {'Length': 9, 'Price': 3711}, {'Length': 8, 'Price': 3631}, {'Length': 7, 'Price': 3691}, {'Length': 6, 'Price': 3856}, {'Length': 5, 'Price': 4056}, {'Length': 4, 'Price': 4056}, {'Length': 3, 'Price': 4056}]",1416,2,2,378487,Two Bedroom+Den/  Two Bath B/1493,Floor 9,"This 2 Bed with Den/ 2 Bath home offers a large living room with floor to ceiling windows and a balcony overlooking the city. The main bedroom suite has plenty of closet space, double sinks and a stand-in shower in the  en-suite bathroom.","[{'Name': 'Balcony', 'Icon': ''}, {'Name': 'Southern Exposure', 'Icon': ''}]","{'Active': False, 'Title': None, 'Expires': None}","https://media.equityapartments.com/image/upload/f_auto,q_auto/3938-FP-378487-2-2-1493","[{'ImageUrl': 'https://media.equityapartments.com/images/c_crop,x_0,y_0,w_1920,h_1080/c_fill,w_1920,h_1080/q_auto,f_auto/3938-Unit404FP-9/425-mass-apartments-404fp', 'Alt': '425 Mass Apartments - 401FP', 'Id': 200000, 'MediaTags': ['In Unit'], 'Caption': 'Views from the Balcony', 'DisplayOrder': 0, 'MediaId': 0}]",[],[],[],False,False
10,19288,904,425,4/19/2021,"{'Length': 12, 'Price': 3763}","[{'Length': 12, 'Price': 3763}, {'Length': 11, 'Price': 3823}, {'Length': 10, 'Price': 3823}, {'Length': 9, 'Price': 4083}, {'Length': 8, 'Price': 4043}, {'Length': 7, 'Price': 4023}, {'Length': 6, 'Price': 4183}, {'Length': 5, 'Price': 4838}, {'Length': 4, 'Price': 4888}, {'Length': 3, 'Price': 4663}]",1585,2,2,378488,Two Bedroom+Den Loft/  Two Bath K/1585,Floor 9,"This 2 Bed with Den/ 2.5 Bath loft style home offers an unique living experience with 18 ft ceilings, floor to ceiling windows, an open kitchen with breakfast bar, a built in desk under the stairs and powder room.                                                                                                                                                                                                                                                                                                                                                                                                                                                                                                                                                                                                                                                                                                                                                                                                                   ","[{'Name': 'Balcony', 'Icon': ''}, {'Name': 'Southern Exposure', 'Icon': ''}, {'Name': 'Two Level Loft-style', 'Icon': ''}]","{'Active': True, 'Title': 'Up to 1 Month off Move In Costs on Select Apartments! Offer valid on new leases only. Onsite transfers excluded.', 'Expires': '4/30/2021'}","https://media.equityapartments.com/image/upload/f_auto,q_auto/3938-FP-378488-2-25-1585","[{'ImageUrl': 'https://media.equityapartments.com/images/c_crop,x_0,y_0,w_1920,h_1080/c_fill,w_1920,h_1080/q_auto,f_auto/3938-Unit404FP-9/425-mass-apartments-404fp', 'Alt': '425 Mass Apartments - 401FP', 'Id': 200020, 'MediaTags': ['In Unit'], 'Caption': 'Views from the Balcony', 'DisplayOrder': 0, 'MediaId': 0}]","[{'Key': '28SfNNNK4a4', 'Id': 0, 'MediaTags': None, 'Caption': 'Video of 1585 sqft 2 bedroom apartment', 'DisplayOrder': 0, 'MediaId': 0}]","[{'Key': 'CsNhHyuawzQ', 'Id': 0, 'MediaTags': None, 'Caption': '3D Floorplan', 'DisplayOrder': 0, 'MediaId': 0}]",[],False,False
21,19288,924,425,6/17/2021,"{'Length': 12, 'Price': 2690}","[{'Length': 12, 'Price': 2690}, {'Length': 11, 'Price': 2740}, {'Length': 10, 'Price': 2740}, {'Length': 9, 'Price': 3065}, {'Length': 8, 'Price': 3080}, {'Length': 7, 'Price': 3160}, {'Length': 6, 'Price': 3205}, {'Length': 5, 'Price': 3410}, {'Length': 4, 'Price': 3485}, {'Length': 3, 'Price': 3355}]",1000,1,2,378480,One Bedroom+Den J/979,Floor 9,"This 1 Bed with Den/ 2 Bath home offers a spacious living room with floor to ceiling windows, a built-in bookcase and a kitchen that opens out to the living room that is perfect for entertaining!","[{'Name': 'Northern Exposure', 'Icon': ''}]","{'Active': False, 'Title': None, 'Expires': None}","https://media.equityapartments.com/image/upload/f_auto,q_auto/3938-FP-378480-1-2-979","[{'ImageUrl': 'https://media.equityapartments.com/images/c_crop,x_0,y_0,w_1920,h_1080/c_fill,w_1920,h_1080/q_auto,f_auto/3938-91/425-mass-apartments-bathroom', 'Alt': '425 Mass Apartments - Bathroom', 'Id': 421844, 'MediaTags': ['In Unit'], 'Caption': 'Bathroom', 'DisplayOrder': 0, 'MediaId': 0}, {'ImageUrl': 'https://media.equityapartments.com/images/c_crop,x_0,y_0,w_1920,h_1080/c_fill,w_1920,h_1080/q_auto,f_auto/3938-95/425-mass-apartments-bedroom', 'Alt': '425 Mass Apartments - Bedroom', 'Id': 421914, 'MediaTags': ['In Unit'], 'Caption': 'Bedroom', 'DisplayOrder': 0, 'MediaId': 0}, {'ImageUrl': 'https://media.equityapartments.com/images/c_crop,x_0,y_0,w_1920,h_1080/c_fill,w_1920,h_1080/q_auto,f_auto/3938-90/425-mass-apartments-den', 'Alt': '425 Mass Apartments - Den', 'Id': 421984, 'MediaTags': ['In Unit'], 'Caption': 'Den', 'DisplayOrder': 0, 'MediaId': 0}, {'ImageUrl': 'https://media.equityapartments.com/images/c_crop,x_0,y_0,w_1920,h_1080/c_fill,w_1920,h_1080/q_auto,f_auto/3938-92/425-mass-apartments-kitchen', 'Alt': '425 Mass Apartments - Kitchen', 'Id': 422065, 'MediaTags': ['In Unit'], 'Caption': 'Kitchen', 'DisplayOrder': 0, 'MediaId': 0}, {'ImageUrl': 'https://media.equityapartments.com/images/c_crop,x_0,y_0,w_1920,h_1080/c_fill,w_1920,h_1080/q_auto,f_auto/3938-93/425-mass-apartments-in-home-washer-and-dryer', 'Alt': '425 Mass Apartments - In-home Washer and Dryer', 'Id': 422135, 'MediaTags': ['In Unit'], 'Caption': 'In-home Washer and Dryer', 'DisplayOrder': 0, 'MediaId': 0}, {'ImageUrl': 'https://media.equityapartments.com/images/c_crop,x_0,y_0,w_1920,h_1080/c_fill,w_1920,h_1080/q_auto,f_auto/3938-94/425-mass-apartments-living-area', 'Alt': '425 Mass Apartments - Living Area', 'Id': 422205, 'MediaTags': ['In Unit'], 'Caption': 'Living Area', 'DisplayOrder': 0, 'MediaId': 0}]","[{'Key': '_F72Tq7NFiU', 'Id': 0, 'MediaTags': None, 'Caption': '425 Mass Apartments - Mt Vernon Triangle - Floorplan 1BR+Den J979 Unit PH125', 'DisplayOrder': 0, 'MediaId': 0}]","[{'Key': 'FWq5V9gmnSX', 'Id': 0, 'MediaTags': None, 'Caption': '3D Floorplan', 'DisplayOrder': 0, 'MediaId': 0}]",[],False,False
1,19288,PH111,425,4/19/2021,"{'Length': 12, 'Price': 1772}","[{'Length': 12, 'Price': 1772}, {'Length': 11, 'Price': 1802}, {'Length': 10, 'Price': 1802}, {'Length': 9, 'Price': 1982}, {'Length': 8, 'Price': 1992}, {'Length': 7, 'Price': 1882}, {'Length': 6, 'Price': 1907}, {'Length': 5, 'Price': 2032}, {'Length': 4, 'Price': 2067}, {'Length': 3, 'Price': 1982}]",569,0,1,378475,Studio G/569,Floor 13,This Studio/ 1 Bath home is one of our largest studio layouts and offers a spacious living area with floor to ceiling windows that let in plenty of direct natural light.,"[{'Name': 'Eastern Exposure', 'Icon': ''}]","{'Active': False, 'Title': None, 'Expires': None}","https://media.equityapartments.com/image/upload/f_auto,q_auto/3938-FP-378475-0-1-569",[],[],[],[],False,False
3,19288,PH217,425,4/30/2021,"{'Length': 12, 'Price': 1888}","[{'Length': 12, 'Price': 1888}, {'Length': 11, 'Price': 1918}, {'Length': 10, 'Price': 1918}, {'Length': 9, 'Price': 2083}, {'Length': 8, 'Price': 2093}, {'Length': 7, 'Price': 1983}, {'Length': 6, 'Price': 2008}, {'Length': 5, 'Price': 2138}, {'Length': 4, 'Price': 2173}, {'Length': 3, 'Price': 2088}]",558,0,1,378474,Studio G/558,Penthouse,This studio home offers a fluid living space with a balcony and floor to ceiling windows. The home also has a step-in closet and additional storage in the bathroom.,"[{'Name': 'Balcony', 'Icon': ''}, {'Name': 'Southern Exposure', 'Icon': ''}]","{'Active': False, 'Title': None, 'Expires': None}","https://media.equityapartments.com/image/upload/f_auto,q_auto/3938-FP-378474-0-1-558","[{'ImageUrl': 'https://media.equityapartments.com/images/c_crop,x_0,y_0,w_1920,h_1080/c_fill,w_1920,h_1080/q_auto,f_auto/3938-62/425-mass-apartments-kitchen', 'Alt': '425 Mass Apartments - Kitchen', 'Id': 267761, 'MediaTags': ['In Unit'], 'Caption': 'Kitchen with Stainless Steel Appliances', 'DisplayOrder': 0, 'MediaId': 0}, {'ImageUrl': 'https://media.equityapartments.com/images/c_crop,x_0,y_0,w_1920,h_1080/c_fill,w_1920,h_1080/q_auto,f_auto/3938-63/425-mass-apartments-balcony', 'Alt': '425 Mass Apartments - Balcony', 'Id': 267843, 'MediaTags': ['In Unit'], 'Caption': 'Balcony', 'DisplayOrder': 0, 'MediaId': 0}, {'ImageUrl': 'https://media.equityapartments.com/images/c_crop,x_0,y_0,w_1920,h_1080/c_fill,w_1920,h_1080/q_auto,f_auto/3938-64/425-mass-apartments-studio-living-area', 'Alt': '425 Mass Apartments - Studio Living Area', 'Id': 267925, 'MediaTags': ['In Unit'], 'Caption': 'Studio Living Space', 'DisplayOrder': 0, 'MediaId': 0}, {'ImageUrl': 'https://media.equityapartments.com/images/c_crop,x_0,y_0,w_1920,h_1080/c_fill,w_1920,h_1080/q_auto,f_auto/3938-65/425-mass-apartments-studio-storage', 'Alt': '425 Mass Apartments - Studio Storage', 'Id': 268007, 'MediaTags': ['In Unit'], 'Caption': 'Studio Storage Space', 'DisplayOrder': 0, 'MediaId': 0}]","[{'Key': 'rBkAtCi_StI', 'Id': 0, 'MediaTags': None, 'Caption': '425 Mass Apartments - Mt Vernon Triangle - Floorplan Studio G558   Unit 1017', 'DisplayOrder': 0, 'MediaId': 0}]",[],[],False,False
